{"1.frame-bottom": {"1.frame-bottom::1.1": {"HFS5-2040-1130": 2, "HFS5-2040-1620": 3}, "1.frame-bottom::1.2": {"HFS5-2040-120": 2, "HFS5-2040-190": 3, "HFS5-2040-320": 1, "HFS5-2040-860": 2, "HFS5-4040-120": 8, "HFS5-4040-360": 2}, "1.frame-bottom::1.3": {"CB5-10": 54, "HBLFSN5": 27, "HNTPZ5-5": 54}, "1.frame-bottom::1.4": {"CB5-10": 68, "HBLFSD5": 17, "HNTPZ5-5": 68}, "1.frame-bottom::1.5": {"CB5-10": 12, "HBLFSNB5": 6, "HFSB5-2040-750": 2, "HFSB5-2040-860": 1, "HNTPZ5-5": 12}, "1.frame-bottom::1.6": {"CB3-10": 4, "GTS3": 8, "LBNR3": 4, "PCTBA-600-130-3": 2, "la-pan-3": 1, "la-pan-4": 1, "la-pan-5": 1, "la-pan-6": 1, "la-pan-7": 1}, "1.frame-bottom::1.7": {"HSCP3H-B-12": 10}, "1.frame-bottom::1.8": {"CB3-10": 2, "GTS3": 4, "LBNR3": 2, "la-pan-8": 1}}, "2.frame-gantry": {"2.frame-gantry::2.1": {"HFS5-4080-1620": 2, "HFS5-4080-940": 2}, "2.frame-gantry::2.2": {"CB5-10": 32, "HBLFSDW5": 4, "HNTPZ5-5": 32}, "2.frame-gantry::2.3": {"CB5-8": 16, "HFS5-4040-860": 2, "HNTPZ5-5": 16, "PWF5": 16, "SHPTSD5": 4}}, "3.frame-top": {"3.frame-top::3.1": {"HFS5-2040-100": 3, "HFS5-4040-100": 2, "HFS5-4080-100": 2}, "3.frame-top::3.2": {"CB5-10": 32, "CB5-8": 24, "HBLFSD5": 8, "HNTPZ5-5": 56, "PWF5": 24, "SHPTSD5": 6}, "3.frame-top::3.3": {"CB3-10": 4, "GTS3": 8, "LBNR3": 4, "PCTBA-600-110-3": 2, "la-pan-1": 1, "la-pan-2": 1, "la-pan-3": 2}, "3.frame-top::3.4": {"HSCP3H-B-12": 8}, "3.frame-top::3.5": {"CB5-10": 8, "HBLFSD5": 2, "HFS5-2040-1620": 1, "HFS5-4040-1130": 2, "HFS5-4040-1620": 1, "HNTPZ5-5": 8}, "3.frame-top::3.6": {"CB5-10": 8, "HBLFSN5": 4, "HFS5-2040-190": 1, "HFS5-4040-190": 1, "HNTPZ5-5": 8}}, "4.frame-door": {"4.frame-door::4.1": {"CB5-10": 16, "HBLFSD5": 4, "HFS5-2040-1564": 1, "HFS5-2040-830": 2, "HFS5-4040-1564": 1, "HNTPZ5-5": 16}, "4.frame-door::4.2": {"CB5-10": 4, "HBLFSN5": 2, "HFS5-2040-830": 1, "HNTPZ5-5": 4}, "4.frame-door::4.3": {"CB5-10": 12, "HBLFSN5": 6, "HFS5-2020-1564": 1, "HFS5-2020-80": 2, "HFS5-2040-80": 1, "HNTPZ5-5": 12}, "4.frame-door::4.4": {"HHPSN5": 3, "HNTPZ5-5": 12, "SFB5-8": 12}, "4.frame-door::4.5": {"CB5-20": 2, "FGSS22150B": 1, "HNTPZ5-5": 2, "PACK-SPWFN5": 10, "PWF5": 10}, "4.frame-door::4.6": {"CB5-20": 2, "FGSS22150B": 1, "HNTPZ5-5": 2, "PACK-SPWFN5": 10, "PWF5": 10}, "4.frame-door::4.7": {"CB5-8": 8, "HNTPZ5-5": 8, "PCTBA-809-60-3": 2}, "4.frame-door::4.8": {"CB3-10": 4, "CB3-16": 4, "CB5-12": 4, "GTS3": 12, "HNTE5-3": 4, "HNTPZ5-5": 4, "LBNR3": 4, "PACK-SPWFN4": 4, "PWF5": 4, "la-dsp-1": 2, "la-dsp-2": 2, "la-mpk-15": 2}}, "5.y-cart": {"5.y-cart::5.1": {"HFS5-2040-96-Z5-YA46-YB76": 1, "HFS5-2080-70-LTP": 1, "SUSLB5-25": 2}, "5.y-cart::5.2": {"B605ZZ": 4, "CBSST5-30": 4, "HNTE5-5": 4, "PACK-UNUT5": 4, "PWF5": 11}, "5.y-cart::5.3": {"CBSS5-16": 2, "HNTE5-5": 2}, "5.y-cart::5.4": {"HFS5-2040-148-Z5-YA20-YB102": 1, "HFS5-2080-70-LTP": 1, "SUSLB5-25": 2}, "5.y-cart::5.5": {"B605ZZ": 4, "CBSST5-30": 4, "HNTE5-5": 4, "PACK-UNUT5": 4, "PWF5": 11}, "5.y-cart::5.6": {"CBSS5-16": 2, "HNTE5-5": 2}, "5.y-cart::5.7": {"CB3-10": 4, "GTS3": 4, "HNTE5-3": 4, "PACK-SPWFN4": 4, "la-lsp-2": 2}, "5.y-cart::5.8": {"CB5-20": 4, "HFS5-4040-1418": 1, "HNTPZ5-5": 4}}, "6.y-drive": {"6.y-drive::6.1": {"B626ZZ": 1, "CB5-10": 4, "CB5-20": 8, "HBLFSDW5": 1, "HNTPZ5-5": 4, "PACK-UNUT5": 8, "la-mpk-5": 1, "la-stpy": 1}, "6.y-drive::6.2": {"GBN3273GT-90": 1, "GPA22GT3090-A-P6.35": 1, "GPA60GT3090-A-P12-FC59": 1, "SFAJ12-40-F16-P6-T16": 1}, "6.y-drive::6.3": {"B626ZZ": 1, "CB5-16": 2, "CB5-8": 2, "HBLSD5": 1, "HNTPZ5-5": 2, "PACK-UNUT5": 2, "la-mpk-4": 1}, "6.y-drive::6.4": {"B605ZZ": 4, "B626ZZ": 1, "CB4-16": 2, "CB5-16": 2, "CB5-8": 2, "CBSST5-30": 2, "HBLSD5": 1, "HNTPZ5-5": 2, "PACK-SPWFN4": 4, "PACK-UNUT5": 4, "PWF5": 18, "UNUTZ4": 2, "la-mpk-3": 1}, "6.y-drive::6.5": {"GPA20GT3090-A-P6": 1, "SFAJ12-40-F16-P6-T24": 1}, "6.y-drive::6.6": {"B605ZZ": 4, "B626ZZ": 1, "CB3-16": 2, "CB4-16": 2, "CB5-16": 2, "CB5-8": 2, "CBSST5-30": 2, "GTS3": 4, "HBLSD5": 1, "HNTPZ5-5": 2, "LBNR3": 2, "PACK-SPWFN4": 4, "PACK-UNUT5": 4, "PWF5": 18, "UNUTZ4": 2, "la-lsp-1": 1, "la-mpk-3": 1}, "6.y-drive::6.7": {"GPA20GT3090-A-P6": 1, "SFAJ12-40-F16-P6-T24": 1}, "6.y-drive::6.8": {"B626ZZ": 1, "CB5-16": 2, "CB5-8": 2, "HBLSD5": 1, "HNTPZ5-5": 2, "PACK-UNUT5": 2, "la-mpk-4": 1}, "6.y-drive::6.9": {"B626ZZ": 1, "CB5-16": 2, "CB5-8": 2, "HBLSD5": 1, "HNTPZ5-5": 2, "PACK-UNUT5": 2, "la-mpk-4": 1}, "6.y-drive::6.10": {"MCKSC20-6-6": 2, "SFAJ12-620-F18-P6-T8": 1, "WASSH12-6-2": 2}, "6.y-drive::6.11": {"MCKSC20-6-6": 2, "SFAJ12-620-F18-P6-T8": 1, "WASSH12-6-2": 2}, "6.y-drive::6.12": {"CB3-16": 2, "CB5-16": 2, "CB5-8": 2, "GTS3": 4, "HBLSD5": 1, "HNTPZ5-5": 2, "LBNR3": 2, "PACK-UNUT5": 2, "la-lsp-1": 1, "la-mpk-14": 1}, "6.y-drive::6.13": {"B635ZZ": 3, "CBSST5-30": 1, "HNTE5-5": 1, "PWF5": 6}, "6.y-drive::6.14": {"B635ZZ": 3, "CBSST5-30": 1, "HNTE5-5": 1, "PWF5": 6}, "6.y-drive::6.15": {"la-gtb-1": 1, "la-zip": 4}, "6.y-drive::6.16": {"la-gtb-1": 1, "la-zip": 4}, "6.y-drive::6.17": {"BCB5-6": 2, "HNTPZ5-5": 2, "MHPUS102-19-23-S": 1}}, "7.x-cart": {"7.x-cart::7.1": {"HFS5-2040-142-Z5-YA66-RTP-LCT45": 1, "HFS5-2040-55-TPW": 1, "SUSLB5-25": 2}, "7.x-cart::7.2": {"B605ZZ": 1, "CB5-16": 1, "HNTE5-5": 1, "PACK-UNUT5": 1}, "7.x-cart::7.3": {"B605ZZ": 1, "CBSST5-30": 1, "HNTE5-5": 1, "PACK-UNUT5": 1, "PWF5": 2}, "7.x-cart::7.4": {"CBSS5-16": 2, "HNTE5-5": 2}, "7.x-cart::7.5": {"B605ZZ": 2, "CB5-16": 2, "CBSST5-30": 2, "GTS5": 2, "PACK-UNUT5": 2, "PWF5": 24, "la-mpk-9": 1}, "7.x-cart::7.6": {"B605ZZ": 2, "CB5-16": 2, "CBSST5-30": 2, "GTS5": 2, "PACK-UNUT5": 2, "PWF5": 24, "la-mpk-8": 1}, "7.x-cart::7.7": {"CB5-12": 2, "HNTPZ5-5": 2, "PWF5": 2, "la-mpk-10": 1}, "7.x-cart::7.8": {"CB3-10": 4, "GTS3": 4, "HNTE5-3": 4, "PACK-SPWFN4": 4, "la-lsp-2": 2}}, "8.x-drive": {"8.x-drive::8.1": {"B626ZZ": 1, "CB5-12": 2, "FWS-D19-V15.0-T1.0": 1, "HNTPZ5-5": 2, "PWF5": 2, "la-mpk-13": 1}, "8.x-drive::8.2": {"GBN1953GT-90": 1, "GPA48GT3090-A-P12": 1, "SFAJ12-26-F24-P6-T6": 1}, "8.x-drive::8.3": {"B605ZZ": 4, "B626ZZ": 1, "BCB3-6": 2, "CB3-10": 4, "CB5-12": 2, "CB5-20": 2, "CBSST5-30": 2, "GTS3": 4, "HNTPZ5-5": 2, "PACK-UNUT5": 4, "PWF5": 12, "la-mpk-11": 1, "la-mpk-12": 1, "la-stpx": 1}, "8.x-drive::8.4": {"GPA18GT3090-A-P5": 1, "GPA20GT3090-A-P6": 1}, "8.x-drive::8.5": {"B635ZZ": 3, "CBSST5-30": 1, "HNTE5-5": 1, "PWF5": 6}, "8.x-drive::8.6": {"la-gtb-2": 1, "la-zip": 4}, "8.x-drive::8.7": {"HFLBS5-1410": 1, "HNTPZ5-5": 5, "PWF5": 20, "SFB5-12": 5}, "8.x-drive::8.8": {"CB3-10": 2, "GTS3": 4, "LBNR3": 2, "MHPKS101-19-20-S": 1}, "8.x-drive::8.9": {"CB3-10": 4, "CB5-12": 4, "GTS3": 12, "HNTPZ5-5": 4, "PWF5": 4, "la-lsp-1": 2, "la-mpk-6": 1, "la-mpk-7": 1}}, "9.electronics": {"9.electronics::9.1": {"la-bbb": 1, "la-dbdy": 1, "la-stpd": 2}, "9.electronics::9.2": {"BCB3-6": 4, "CB5-8": 3, "GTS3": 4, "HNTPZ5-5": 3, "la-pan-8": 1, "la-psu": 2, "la-zip": 2}, "9.electronics::9.3": {"CB3-10": 4, "GTS3": 8, "LBNR3": 4, "la-dwp-3": 2, "la-pan-9": 1, "la-zip": 4}, "9.electronics::9.4": {"CB3-16": 2, "GTS3": 4, "LBNR3": 2, "la-dwp-1": 1, "la-dwp-2": 1, "la-estp": 1, "la-lite": 1}}, "10.optics-laser": {"10.optics-laser::10.1": {"CB5-10": 6, "CB5-20": 2, "HBLFSD5": 1, "HBLFSN5": 1, "HFS5-2020-57-LAT45": 1, "HFS5-2040-63-Z5-YA10": 1, "HFS5-2040-69-LAT45": 1, "HNTPZ5-5": 8}, "10.optics-laser::10.2": {"": 3, "HNTE5-4": 3, "la-mmp": 3}, "10.optics-laser::10.3": {"": 1, "CB5-20": 2, "PACK-UNUT5": 2}, "10.optics-laser::10.4": {"CB4-16": 4, "CB5-10": 8, "CB5-20": 8, "HBLFSDW5": 2, "HNTPZ5-5": 8, "PACK-UNUT5": 8, "UNUTZ4": 4, "la-mpk-1": 2, "la-mpk-2": 2}, "10.optics-laser::10.5": {"100WPowerSupply": 1, "CB5-8": 4, "HNTPZ5-5": 4, "PACK-SPWFN5": 4}, "10.optics-laser::10.6": {"100WLongLifeLaserTube": 1, "la-rubt": 2}, "10.optics-laser::10.7": {"la-lmp-1": 3, "la-lmp-2": 1}}, "11.air-assist": {"11.air-assist::11.1": {"CB3-25": 1, "GTS3": 1, "HNTE5-3": 1, "MSBUL6": 1, "MSELL6-M5": 3, "la-evas": 1}}, "12.frame-table": {"12.frame-table::12.1": {"HFSB5-2040-1260": 4, "HFSB5-2040-858": 2}, "12.frame-table::12.2": {"CB5-10": 16, "HBLFSN5": 8, "HNTPZ5-5": 16}, "12.frame-table::12.3": {"CB5-10": 8, "HBLFSN5": 4, "HNTPZ5-5": 8}}, "13.door-panels": {"13.door-panels::13.1": {"CB5-8": 16, "HNTPZ5-5": 16, "PCTBA-847-143-3": 2}, "13.door-panels::13.2": {"CB5-8": 22, "HNTPZ5-5": 22, "PCTBA-892-847-3": 2}, "13.door-panels::13.3": {"CB5-12": 4, "HNTPZ5-5": 4, "UPCN19-B-36": 2}}, "14.frame-panels": {"14.frame-panels::14.1": {"BCB5-6": 27, "HNTPZ5-5": 28, "PAAL-1166-847-2": 2}, "14.frame-panels::14.2": {"BCB5-6": 16, "HFPAL-3-847-213": 2, "HNTPZ5-5": 16}, "14.frame-panels::14.3": {"BCB5-6": 22, "HFPAL-3-1166-356": 1, "HFPAL-3-247-216": 1, "HFPAL-3-917-356": 1, "HNTPZ5-5": 22}, "14.frame-panels::14.4": {"BCB5-6": 16, "HFPAL-3-847-356": 2, "HNTPZ5-5": 16}, "14.frame-panels::14.5": {"BCB5-6": 17, "HFPAL-3-847-268": 2, "HNTPZ5-5": 16}}}